username,password,fName,lName,email
james,jamespass,James,Brown,james.brown@gmail.com
mary,marypass,Mary,Smith,mary.smith@gmail.com
john,johnpass,John,Rodriguez,john.rodriguez@gmail.com
michael,michaelpass,Michael,Garcia,michael.garcia@gmail.com
jennifer,jenniferpass,Jennifer,Garcia,jennifer.garcia@gmail.com
elizabeth,elizabethpass,Elizabeth,Jones,elizabeth.jones@gmail.com
william,williampass,William,Brown,william.brown@gmail.com
david,davidpass,David,Moore,david.moore@gmail.com
richard,richardpass,Richard,Williams,richard.williams@gmail.com
jessica,jessicapass,Jessica,Jackson,jessica.jackson@gmail.com
matthew,matthewpass,Matthew,Wilson,matthew.wilson@gmail.com
charles,charlespass,Charles,Johnson,charles.johnson@gmail.com
sarah,sarahpass,Sarah,Smith,sarah.smith@gmail.com
anthony,anthonypass,Anthony,Williams,anthony.williams@gmail.com
ashley,ashleypass,Ashley,Davis,ashley.davis@gmail.com
steven,stevenpass,Steven,Garcia,steven.garcia@gmail.com
andrew,andrewpass,Andrew,Taylor,andrew.taylor@gmail.com
kevin,kevinpass,Kevin,Martin,kevin.martin@gmail.com
michelle,michellepass,Michelle,Smith,michelle.smith@gmail.com
emily,emilypass,Emily,Moore,emily.moore@gmail.com
brian,brianpass,Brian,Davis,brian.davis@gmail.com
jason,jasonpass,Jason,Moore,jason.moore@gmail.com
mark,markpass,Mark,Wilson,mark.wilson@gmail.com
amy,amypass,Amy,Garcia,amy.garcia@gmail.com
eric,ericpass,Eric,Anderson,eric.anderson@gmail.com
samantha,samanthapass,Samantha,Jackson,samantha.jackson@gmail.com
jonathan,jonathanpass,Jonathan,Rodriguez,jonathan.rodriguez@gmail.com
ryan,ryanpass,Ryan,Smith,ryan.smith@gmail.com
brandon,brandonpass,Brandon,Miller,brandon.miller@gmail.com
isabella,isabellapass,Isabella,Wilson,isabella.wilson@gmail.com
